p_stat,m0,m_nc,Maximum_BWSD,Peak_date,Days_ge_0.70,Days_ge_0.90,Days_ge_1.00
0.95,1.1,1.05,1.0291225977693046,2025-06-22,288,31,1
0.95,1.1,1.1,1.0210444716242433,2025-06-22,276,5,1
0.95,1.1,1.2,0.9359574323222233,2025-06-22,165,1,0
0.95,1.1,1.3,0.8639607067589753,2025-06-22,70,0,0
0.95,1.2,1.05,0.9781136198518974,2025-06-26,285,29,0
0.95,1.2,1.1,0.9433623812885293,2025-06-22,273,4,0
0.95,1.2,1.2,0.9359574323222233,2025-06-22,165,1,0
0.95,1.2,1.3,0.8639607067589753,2025-06-22,70,0,0
0.95,1.3,1.05,0.9112552937605838,2025-06-26,271,1,0
0.95,1.3,1.1,0.9112552937605838,2025-06-26,269,1,0
0.95,1.3,1.2,0.8707960442663348,2025-06-22,161,0,0
0.95,1.3,1.3,0.8639607067589753,2025-06-22,70,0,0
0.975,1.1,1.05,1.0291225977693046,2025-06-22,288,31,1
0.975,1.1,1.1,1.0210444716242433,2025-06-22,276,5,1
0.975,1.1,1.2,0.9359574323222233,2025-06-22,165,1,0
0.975,1.1,1.3,0.8639607067589753,2025-06-22,70,0,0
0.975,1.2,1.05,0.9781136198518974,2025-06-26,285,29,0
0.975,1.2,1.1,0.9433623812885293,2025-06-22,273,4,0
0.975,1.2,1.2,0.9359574323222233,2025-06-22,165,1,0
0.975,1.2,1.3,0.8639607067589753,2025-06-22,70,0,0
0.975,1.3,1.05,0.9112552937605838,2025-06-26,271,1,0
0.975,1.3,1.1,0.9112552937605838,2025-06-26,269,1,0
0.975,1.3,1.2,0.8707960442663348,2025-06-22,161,0,0
0.975,1.3,1.3,0.8639607067589753,2025-06-22,70,0,0
0.98,1.1,1.05,1.0291225977693046,2025-06-22,288,31,1
0.98,1.1,1.1,1.0210444716242433,2025-06-22,276,5,1
0.98,1.1,1.2,0.9359574323222233,2025-06-22,165,1,0
0.98,1.1,1.3,0.8639607067589753,2025-06-22,70,0,0
0.98,1.2,1.05,0.9781136198518974,2025-06-26,285,29,0
0.98,1.2,1.1,0.9433623812885293,2025-06-22,273,4,0
0.98,1.2,1.2,0.9359574323222233,2025-06-22,165,1,0
0.98,1.2,1.3,0.8639607067589753,2025-06-22,70,0,0
0.98,1.3,1.05,0.9112552937605838,2025-06-26,271,1,0
0.98,1.3,1.1,0.9112552937605838,2025-06-26,269,1,0
0.98,1.3,1.2,0.8707960442663348,2025-06-22,161,0,0
0.98,1.3,1.3,0.8639607067589753,2025-06-22,70,0,0
0.99,1.1,1.05,1.0291225977693046,2025-06-22,288,31,1
0.99,1.1,1.1,1.0210444716242433,2025-06-22,276,5,1
0.99,1.1,1.2,0.9359574323222233,2025-06-22,165,1,0
0.99,1.1,1.3,0.8639607067589753,2025-06-22,70,0,0
0.99,1.2,1.05,0.9781136198518974,2025-06-26,285,29,0
0.99,1.2,1.1,0.9433623812885293,2025-06-22,273,4,0
0.99,1.2,1.2,0.9359574323222233,2025-06-22,165,1,0
0.99,1.2,1.3,0.8639607067589753,2025-06-22,70,0,0
0.99,1.3,1.05,0.9112552937605838,2025-06-26,271,1,0
0.99,1.3,1.1,0.9112552937605838,2025-06-26,269,1,0
0.99,1.3,1.2,0.8707960442663348,2025-06-22,161,0,0
0.99,1.3,1.3,0.8639607067589753,2025-06-22,70,0,0
